-- phpMyAdmin SQL Dump
-- version 4.8.0.1
-- https://www.phpmyadmin.net/
--
-- Servidor: 127.0.0.1
-- Tiempo de generación: 02-09-2018 a las 21:00:34
-- Versión del servidor: 10.1.32-MariaDB
-- Versión de PHP: 5.6.36

SET SQL_MODE = "NO_AUTO_VALUE_ON_ZERO";
SET AUTOCOMMIT = 0;
START TRANSACTION;
SET time_zone = "+00:00";


/*!40101 SET @OLD_CHARACTER_SET_CLIENT=@@CHARACTER_SET_CLIENT */;
/*!40101 SET @OLD_CHARACTER_SET_RESULTS=@@CHARACTER_SET_RESULTS */;
/*!40101 SET @OLD_COLLATION_CONNECTION=@@COLLATION_CONNECTION */;
/*!40101 SET NAMES utf8mb4 */;

--
-- Base de datos: `sofintbase`
--

-- --------------------------------------------------------

--
-- Estructura de tabla para la tabla `acciones`
--

CREATE TABLE `acciones` (
  `id` int(11) NOT NULL,
  `modulo` varchar(20) NOT NULL,
  `accion` varchar(20) NOT NULL,
  `ruta` varchar(100) NOT NULL
) ENGINE=InnoDB DEFAULT CHARSET=latin1;

--
-- Volcado de datos para la tabla `acciones`
--

INSERT INTO `acciones` (`id`, `modulo`, `accion`, `ruta`) VALUES
(1, 'plugins', 'index', 'application.modules.plugins.controllers.acciones.IndexAction'),
(2, 'plugins', 'registrarplugin', 'application.modules.plugins.controllers.acciones.RegistrarpluginAction'),
(3, 'plugins', 'unregistrarplugin', 'application.modules.plugins.controllers.acciones.UnregistrarpluginAction'),
(4, 'usuarios', 'index', 'application.modules.usuarios.controllers.acciones.IndexAction'),
(5, 'usuarios', 'view', 'application.modules.usuarios.controllers.acciones.ViewAction'),
(6, 'usuarios', 'create', 'application.modules.usuarios.controllers.acciones.CreateAction'),
(7, 'usuarios', 'borrar', 'application.modules.usuarios.controllers.acciones.BorrarAction'),
(8, 'usuarios', 'perfil', 'application.modules.usuarios.controllers.acciones.PerfilAction'),
(9, 'usuarios', 'verperfil', 'application.modules.usuarios.controllers.acciones.VerperfilAction'),
(10, 'usuarios', 'borrarperfil', 'application.modules.usuarios.controllers.acciones.BorrarperfilAction'),
(11, 'usuarios', 'grupo', 'application.modules.usuarios.controllers.acciones.GrupoAction');

-- --------------------------------------------------------

--
-- Estructura de tabla para la tabla `grupo`
--

CREATE TABLE `grupo` (
  `id` int(11) NOT NULL,
  `nombre` varchar(50) NOT NULL
) ENGINE=InnoDB DEFAULT CHARSET=latin1;

--
-- Volcado de datos para la tabla `grupo`
--

INSERT INTO `grupo` (`id`, `nombre`) VALUES
(1, 'ADMINISTRACION');

-- --------------------------------------------------------

--
-- Estructura de tabla para la tabla `logs`
--

CREATE TABLE `logs` (
  `ID` int(11) NOT NULL,
  `accion` int(11) NOT NULL,
  `usuario` int(11) NOT NULL,
  `fecha` timestamp NOT NULL DEFAULT CURRENT_TIMESTAMP
) ENGINE=InnoDB DEFAULT CHARSET=latin1;

--
-- Volcado de datos para la tabla `logs`
--

INSERT INTO `logs` (`ID`, `accion`, `usuario`, `fecha`) VALUES
(1, 12, 1, '2018-03-15 02:30:12'),
(2, 12, 1, '2018-03-19 14:04:12'),
(3, 14, 1, '2018-03-19 14:04:15'),
(4, 12, 1, '2018-03-19 14:04:28'),
(5, 12, 1, '2018-03-19 14:04:48'),
(6, 14, 1, '2018-03-19 14:04:49'),
(7, 16, 1, '2018-03-19 14:04:55'),
(8, 16, 1, '2018-03-19 17:46:57'),
(9, 16, 1, '2018-03-19 17:47:20'),
(10, 16, 1, '2018-03-19 17:49:12'),
(11, 12, 1, '2018-03-19 17:56:56'),
(12, 14, 1, '2018-03-19 17:56:59'),
(13, 14, 1, '2018-03-19 17:58:59'),
(14, 14, 1, '2018-03-19 18:03:40'),
(15, 14, 1, '2018-03-19 18:03:49'),
(16, 14, 1, '2018-03-19 18:05:54'),
(17, 14, 1, '2018-03-19 18:06:01'),
(18, 16, 1, '2018-03-19 18:06:35'),
(19, 16, 1, '2018-03-20 20:08:39'),
(20, 16, 1, '2018-03-20 20:11:53'),
(21, 16, 1, '2018-03-20 20:12:14'),
(22, 16, 1, '2018-03-20 20:13:17'),
(23, 16, 1, '2018-03-20 20:13:55'),
(24, 16, 1, '2018-03-20 20:18:11'),
(25, 16, 1, '2018-03-20 20:21:54'),
(26, 16, 1, '2018-03-20 22:37:59'),
(27, 16, 1, '2018-03-20 22:38:26'),
(28, 16, 1, '2018-03-20 22:38:41'),
(29, 16, 1, '2018-03-20 22:41:48'),
(30, 16, 1, '2018-03-20 22:43:08'),
(31, 16, 1, '2018-03-20 22:45:54'),
(32, 16, 1, '2018-03-20 22:47:46'),
(33, 16, 1, '2018-03-20 22:48:02'),
(34, 16, 1, '2018-03-20 22:49:24'),
(35, 16, 1, '2018-03-20 22:50:06'),
(36, 16, 1, '2018-03-20 23:07:27'),
(37, 16, 1, '2018-03-20 23:09:21'),
(38, 16, 1, '2018-03-20 23:09:37'),
(39, 16, 1, '2018-03-20 23:17:10'),
(40, 16, 1, '2018-03-20 23:18:31'),
(41, 16, 1, '2018-03-20 23:21:50'),
(42, 16, 1, '2018-03-20 23:24:09'),
(43, 16, 1, '2018-03-20 23:29:37'),
(44, 16, 1, '2018-03-20 23:36:30'),
(45, 16, 1, '2018-03-20 23:38:43'),
(46, 16, 1, '2018-03-20 23:40:21'),
(47, 16, 1, '2018-03-20 23:44:07'),
(48, 16, 1, '2018-03-21 01:07:27'),
(49, 16, 1, '2018-03-21 01:09:48'),
(50, 16, 1, '2018-03-21 01:21:37'),
(51, 16, 1, '2018-03-21 01:33:31'),
(52, 16, 1, '2018-03-21 01:36:52'),
(53, 16, 1, '2018-03-21 01:44:09'),
(54, 16, 1, '2018-03-21 01:45:06'),
(55, 16, 1, '2018-03-21 01:46:40'),
(56, 16, 1, '2018-03-21 01:48:18'),
(57, 16, 1, '2018-03-21 01:57:29'),
(58, 16, 1, '2018-03-21 01:58:33'),
(59, 16, 1, '2018-03-21 02:02:10'),
(60, 16, 1, '2018-03-21 02:02:59'),
(61, 16, 1, '2018-03-21 02:05:16'),
(62, 16, 1, '2018-03-23 13:25:34'),
(63, 0, 1, '2018-03-28 15:20:09'),
(64, 16, 1, '2018-03-28 15:20:09'),
(65, 16, 1, '2018-03-28 15:21:53'),
(66, 16, 1, '2018-03-28 15:27:01'),
(67, 16, 1, '2018-03-28 15:28:15'),
(68, 16, 1, '2018-03-28 15:30:46'),
(69, 16, 1, '2018-03-28 15:31:04'),
(70, 16, 1, '2018-03-28 15:35:27'),
(71, 16, 1, '2018-03-28 15:37:10'),
(72, 12, 1, '2018-03-28 15:37:42'),
(73, 14, 1, '2018-03-28 15:37:46'),
(74, 14, 1, '2018-03-28 15:40:48'),
(75, 14, 1, '2018-03-28 15:40:50'),
(76, 14, 1, '2018-03-28 15:41:05'),
(77, 14, 1, '2018-03-28 15:41:37'),
(78, 14, 1, '2018-03-28 15:41:45'),
(79, 14, 1, '2018-03-28 15:44:32'),
(80, 14, 1, '2018-03-28 15:44:39'),
(81, 14, 1, '2018-03-28 15:48:24'),
(82, 14, 1, '2018-03-28 15:49:00'),
(83, 14, 1, '2018-03-28 15:57:06'),
(84, 14, 1, '2018-03-28 15:57:17'),
(85, 14, 1, '2018-03-28 16:00:18'),
(86, 14, 1, '2018-03-28 16:00:22'),
(87, 14, 1, '2018-03-28 16:02:44'),
(88, 14, 1, '2018-03-28 16:05:37'),
(89, 16, 1, '2018-03-28 16:08:45'),
(90, 16, 1, '2018-03-28 16:26:43'),
(91, 16, 1, '2018-03-28 16:27:57'),
(92, 16, 1, '2018-03-28 16:29:06'),
(93, 16, 1, '2018-03-28 21:29:10'),
(94, 14, 1, '2018-03-28 21:29:25'),
(95, 0, 1, '2018-03-28 21:29:38'),
(96, 16, 1, '2018-03-28 21:29:38'),
(97, 17, 1, '2018-03-28 21:30:07'),
(98, 12, 1, '2018-03-28 21:31:33'),
(99, 14, 1, '2018-03-28 21:31:35'),
(100, 14, 1, '2018-03-28 21:33:13'),
(101, 17, 1, '2018-03-28 21:33:27'),
(102, 17, 1, '2018-03-28 21:39:24'),
(103, 17, 1, '2018-03-28 21:40:07'),
(104, 17, 1, '2018-03-28 21:40:32'),
(105, 17, 1, '2018-03-28 21:40:55'),
(106, 17, 1, '2018-03-28 21:42:27'),
(107, 17, 1, '2018-03-28 21:55:51'),
(108, 17, 1, '2018-03-28 21:55:59'),
(109, 17, 1, '2018-03-28 21:56:13'),
(110, 17, 1, '2018-03-28 21:57:49'),
(111, 17, 1, '2018-03-28 21:58:25'),
(112, 17, 1, '2018-03-28 21:58:46'),
(113, 17, 1, '2018-03-28 22:07:12'),
(114, 17, 1, '2018-03-28 22:08:10'),
(115, 17, 1, '2018-03-28 22:09:15'),
(116, 17, 1, '2018-03-28 22:09:31'),
(117, 17, 1, '2018-03-28 22:13:56'),
(118, 17, 1, '2018-03-28 22:14:09'),
(119, 0, 1, '2018-04-05 17:54:34'),
(120, 12, 1, '2018-04-05 17:54:37'),
(121, 14, 1, '2018-04-05 17:54:39'),
(122, 14, 1, '2018-04-05 18:18:46'),
(123, 14, 1, '2018-04-05 18:18:53'),
(124, 14, 1, '2018-04-05 18:19:04'),
(125, 12, 1, '2018-04-05 18:19:07'),
(126, 12, 1, '2018-04-05 18:21:08'),
(127, -1, 1, '2018-04-05 18:21:16'),
(128, 0, 1, '2018-04-05 18:21:18'),
(129, 12, 1, '2018-04-05 18:23:35'),
(130, 18, 1, '2018-04-05 18:23:47'),
(131, 12, 1, '2018-04-05 18:27:14'),
(132, 14, 1, '2018-04-05 18:27:17'),
(133, 14, 1, '2018-04-05 18:27:23'),
(134, 14, 1, '2018-04-05 18:27:25'),
(135, 18, 1, '2018-04-05 18:27:32'),
(136, 14, 1, '2018-04-05 18:31:09'),
(137, 14, 1, '2018-04-05 18:31:20'),
(138, 18, 1, '2018-04-05 18:31:32'),
(139, 18, 1, '2018-04-05 18:33:59'),
(140, 18, 1, '2018-04-05 18:35:09'),
(141, 12, 1, '2018-04-05 18:35:27'),
(142, 14, 1, '2018-04-05 18:35:29'),
(143, 14, 1, '2018-04-05 18:35:34'),
(144, 18, 1, '2018-04-05 18:35:37'),
(145, 14, 1, '2018-04-05 18:38:52'),
(146, 14, 1, '2018-04-05 18:38:56'),
(147, 18, 1, '2018-04-05 18:39:01'),
(148, 14, 1, '2018-04-05 18:39:03'),
(149, 14, 1, '2018-04-05 18:39:08'),
(150, 18, 1, '2018-04-05 18:39:11'),
(151, 14, 1, '2018-04-05 18:39:38'),
(152, 14, 1, '2018-04-05 18:39:43'),
(153, 18, 1, '2018-04-05 18:39:46'),
(154, 14, 1, '2018-04-05 18:41:10'),
(155, 14, 1, '2018-04-05 18:41:17'),
(156, 18, 1, '2018-04-05 18:41:19'),
(157, 14, 1, '2018-04-05 18:42:16'),
(158, 14, 1, '2018-04-05 18:42:21'),
(159, 18, 1, '2018-04-05 18:42:23'),
(160, 14, 1, '2018-04-05 18:43:27'),
(161, 14, 1, '2018-04-05 18:43:31'),
(162, 18, 1, '2018-04-05 18:43:33'),
(163, 14, 1, '2018-04-05 18:44:33'),
(164, 14, 1, '2018-04-05 18:44:38'),
(165, 18, 1, '2018-04-05 18:44:40'),
(166, 14, 1, '2018-04-05 18:46:23'),
(167, 14, 1, '2018-04-05 18:46:29'),
(168, 18, 1, '2018-04-05 18:46:31'),
(169, 18, 1, '2018-04-05 18:46:54'),
(170, 14, 1, '2018-04-05 18:47:25'),
(171, 14, 1, '2018-04-05 18:47:33'),
(172, 18, 1, '2018-04-05 18:47:35'),
(173, 14, 1, '2018-04-05 18:48:10'),
(174, 14, 1, '2018-04-05 18:48:15'),
(175, 18, 1, '2018-04-05 18:48:17'),
(176, 14, 1, '2018-04-05 18:52:57'),
(177, 18, 1, '2018-04-05 19:05:49'),
(178, 14, 1, '2018-04-05 19:05:59'),
(179, 18, 1, '2018-04-05 19:06:01'),
(180, 18, 1, '2018-04-05 19:06:02'),
(181, 14, 1, '2018-04-05 19:06:05'),
(182, 18, 1, '2018-04-05 19:06:38'),
(183, 18, 1, '2018-04-05 19:10:47'),
(184, 18, 1, '2018-04-05 19:20:02'),
(185, 18, 1, '2018-04-05 19:23:32'),
(186, 18, 1, '2018-04-05 19:23:44'),
(187, 18, 1, '2018-04-05 19:24:23'),
(188, 18, 1, '2018-04-05 19:24:24'),
(189, 18, 1, '2018-04-05 19:26:12'),
(190, 14, 1, '2018-04-05 19:34:37'),
(191, 14, 1, '2018-04-05 19:34:43'),
(192, 18, 1, '2018-04-05 19:34:52'),
(193, 18, 1, '2018-04-05 19:38:10'),
(194, 18, 1, '2018-04-05 19:38:11'),
(195, 18, 1, '2018-04-05 19:38:53'),
(196, 18, 1, '2018-04-05 19:38:57'),
(197, 18, 1, '2018-04-05 19:39:13'),
(198, 18, 1, '2018-04-05 19:41:17'),
(199, 18, 1, '2018-04-05 19:43:20'),
(200, 12, 1, '2018-04-05 20:09:44'),
(201, 14, 1, '2018-04-05 20:09:45'),
(202, 14, 1, '2018-04-05 20:09:53'),
(203, 18, 1, '2018-04-05 20:10:00'),
(204, 14, 1, '2018-04-05 20:38:23'),
(205, 14, 1, '2018-04-05 20:38:24'),
(206, 14, 1, '2018-04-05 20:38:26'),
(207, 14, 1, '2018-04-05 20:38:37'),
(208, 18, 1, '2018-04-05 20:39:14'),
(209, 14, 1, '2018-04-05 20:45:43'),
(210, 14, 1, '2018-04-05 20:45:53'),
(211, 18, 1, '2018-04-05 20:45:56'),
(212, 14, 1, '2018-04-05 20:47:48'),
(213, 14, 1, '2018-04-05 20:47:58'),
(214, 18, 1, '2018-04-05 20:48:00'),
(215, 14, 1, '2018-04-05 20:54:17'),
(216, 14, 1, '2018-04-05 20:54:31'),
(217, 18, 1, '2018-04-05 20:54:33'),
(218, 14, 1, '2018-04-05 21:03:26'),
(219, 14, 1, '2018-04-05 21:03:31'),
(220, 18, 1, '2018-04-05 21:03:35'),
(221, 12, 1, '2018-04-19 15:21:31'),
(222, 12, 1, '2018-04-19 15:37:37'),
(223, 19, 1, '2018-04-19 15:37:39'),
(224, 19, 1, '2018-04-19 15:40:07'),
(225, 19, 1, '2018-04-19 15:40:23'),
(226, 19, 1, '2018-04-19 15:42:14'),
(227, 19, 1, '2018-04-19 15:42:29'),
(228, 19, 1, '2018-04-19 15:44:21'),
(229, 19, 1, '2018-04-19 15:45:07'),
(230, 19, 1, '2018-04-19 15:45:19'),
(231, 19, 1, '2018-04-19 15:46:05'),
(232, 19, 1, '2018-04-19 15:48:20'),
(233, 19, 1, '2018-04-19 15:49:37'),
(234, 19, 1, '2018-04-19 15:50:03'),
(235, 19, 1, '2018-04-19 15:50:28'),
(236, 19, 1, '2018-04-19 15:51:01'),
(237, 19, 1, '2018-04-19 15:51:49'),
(238, 19, 1, '2018-04-19 15:51:52'),
(239, 19, 1, '2018-04-19 15:57:22'),
(240, 19, 1, '2018-04-19 16:05:03'),
(241, 19, 1, '2018-04-19 16:05:34'),
(242, 19, 1, '2018-04-19 16:05:39'),
(243, 19, 1, '2018-04-19 16:05:40'),
(244, 19, 1, '2018-04-19 16:05:40'),
(245, 19, 1, '2018-04-19 16:05:41'),
(246, 19, 1, '2018-04-19 16:05:42'),
(247, 19, 1, '2018-04-19 16:05:48'),
(248, 19, 1, '2018-04-19 16:06:12'),
(249, 19, 1, '2018-04-19 16:06:29'),
(250, 19, 1, '2018-04-19 16:06:51'),
(251, 19, 1, '2018-04-19 16:07:04'),
(252, 19, 1, '2018-04-19 16:09:20'),
(253, 19, 1, '2018-04-19 16:12:57'),
(254, 19, 1, '2018-04-19 16:13:10'),
(255, 19, 1, '2018-04-19 16:13:28'),
(256, 19, 1, '2018-04-19 16:13:38'),
(257, 19, 1, '2018-04-19 16:15:35'),
(258, 19, 1, '2018-04-19 16:15:39'),
(259, 19, 1, '2018-04-19 16:17:34'),
(260, 19, 1, '2018-04-19 16:19:13'),
(261, 19, 1, '2018-04-19 16:19:41'),
(262, 19, 1, '2018-04-19 16:19:45'),
(263, 19, 1, '2018-04-19 16:22:01'),
(264, 19, 1, '2018-04-19 16:32:54'),
(265, 19, 1, '2018-04-19 16:33:14'),
(266, 19, 1, '2018-04-19 16:34:26'),
(267, 19, 1, '2018-04-19 16:34:30'),
(268, 19, 1, '2018-04-19 16:35:57'),
(269, 19, 1, '2018-04-19 16:36:18'),
(270, 19, 1, '2018-04-19 16:38:02'),
(271, 19, 1, '2018-04-19 16:39:38'),
(272, 19, 1, '2018-04-19 16:40:30'),
(273, 19, 1, '2018-04-19 16:41:04'),
(274, 19, 1, '2018-04-19 16:41:52'),
(275, 19, 1, '2018-04-19 16:43:05'),
(276, 19, 1, '2018-04-19 16:45:06'),
(277, 19, 1, '2018-04-19 16:46:34'),
(278, 19, 1, '2018-04-19 16:48:23'),
(279, 19, 1, '2018-04-19 16:49:17'),
(280, 19, 1, '2018-04-19 16:50:42'),
(281, 19, 1, '2018-04-19 16:50:50'),
(282, 19, 1, '2018-04-19 16:51:52'),
(283, 19, 1, '2018-04-19 16:53:08'),
(284, 19, 1, '2018-04-19 16:59:12'),
(285, 19, 1, '2018-04-19 16:59:41'),
(286, 19, 1, '2018-04-19 16:59:43'),
(287, 19, 1, '2018-04-19 16:59:46'),
(288, 19, 1, '2018-04-19 17:02:25'),
(289, 16, 1, '2018-04-19 17:03:15'),
(290, 19, 1, '2018-04-19 17:03:24'),
(291, 12, 1, '2018-04-19 17:04:54'),
(292, 14, 1, '2018-04-19 17:04:56'),
(293, 14, 1, '2018-04-19 17:05:08'),
(294, 14, 1, '2018-04-19 17:05:14'),
(295, 12, 1, '2018-04-19 17:05:17'),
(296, 16, 1, '2018-04-19 17:05:25'),
(297, 16, 1, '2018-04-19 17:08:03'),
(298, 12, 1, '2018-04-19 17:09:26'),
(299, 19, 1, '2018-04-19 17:09:30'),
(300, 19, 1, '2018-04-19 17:09:36'),
(301, 12, 1, '2018-04-19 17:16:45'),
(302, 14, 1, '2018-04-19 17:17:17'),
(303, 0, 1, '2018-04-19 17:43:08'),
(304, 12, 1, '2018-04-19 17:43:11'),
(305, 19, 1, '2018-04-19 17:48:16'),
(306, 12, 1, '2018-04-19 17:48:22'),
(307, 19, 1, '2018-04-19 17:48:54'),
(308, 19, 1, '2018-04-19 17:48:57'),
(309, 12, 1, '2018-04-19 17:48:59'),
(310, 15, 1, '2018-04-19 17:49:00'),
(311, 15, 1, '2018-04-19 17:50:11'),
(312, 15, 1, '2018-04-19 17:51:01'),
(313, 12, 1, '2018-04-19 17:52:46'),
(314, 19, 1, '2018-04-19 17:53:02'),
(315, 12, 1, '2018-04-20 00:54:35'),
(316, 19, 1, '2018-04-20 00:54:38'),
(317, 19, 1, '2018-04-20 00:58:25'),
(318, 19, 1, '2018-04-20 00:59:10'),
(319, 19, 1, '2018-04-20 01:00:45'),
(320, 19, 1, '2018-04-20 01:00:59'),
(321, 19, 1, '2018-04-20 01:01:10'),
(322, 19, 1, '2018-04-20 01:02:27'),
(323, 19, 1, '2018-04-20 01:02:57'),
(324, 19, 1, '2018-04-20 01:03:06'),
(325, 19, 1, '2018-04-20 01:03:13'),
(326, 19, 1, '2018-04-20 01:03:21'),
(327, 19, 1, '2018-04-20 01:03:37'),
(328, 19, 1, '2018-04-20 01:03:42'),
(329, 19, 1, '2018-04-20 01:04:26'),
(330, 19, 1, '2018-04-20 01:04:32'),
(331, 19, 1, '2018-04-20 01:04:43'),
(332, 12, 1, '2018-04-20 01:04:47'),
(333, 12, 1, '2018-04-20 01:05:04'),
(334, 19, 1, '2018-04-20 01:05:05'),
(335, 21, 1, '2018-04-20 01:05:07'),
(336, 19, 1, '2018-04-20 01:05:13'),
(337, 21, 1, '2018-04-20 01:18:10'),
(338, 0, 1, '2018-05-22 15:06:10'),
(339, 12, 1, '2018-05-22 15:07:32'),
(340, 14, 1, '2018-05-22 15:07:35'),
(341, 15, 1, '2018-05-22 15:07:41'),
(342, 14, 1, '2018-05-22 15:20:58'),
(343, 12, 1, '2018-05-22 16:12:33'),
(344, 13, 1, '2018-05-22 16:12:36'),
(345, 12, 1, '2018-05-22 16:13:01'),
(346, 13, 1, '2018-05-22 16:13:04'),
(347, 12, 1, '2018-05-22 16:13:36'),
(348, 13, 1, '2018-05-22 16:13:37'),
(349, 12, 1, '2018-05-22 16:15:05'),
(350, 13, 1, '2018-05-22 16:15:07'),
(351, 14, 1, '2018-05-22 16:15:42'),
(352, 12, 1, '2018-05-22 16:15:49'),
(353, 13, 1, '2018-05-22 16:15:51'),
(354, 16, 1, '2018-05-22 16:15:57'),
(355, 16, 1, '2018-05-22 16:19:30'),
(356, 13, 1, '2018-05-22 16:19:34'),
(357, 14, 1, '2018-05-22 16:19:42'),
(358, 16, 1, '2018-05-22 16:19:47'),
(359, 13, 1, '2018-05-22 16:26:12'),
(360, 14, 1, '2018-05-22 16:26:17'),
(361, 16, 1, '2018-05-22 16:26:20'),
(362, 13, 1, '2018-05-22 16:28:41'),
(363, 14, 1, '2018-05-22 16:28:45'),
(364, 14, 1, '2018-05-22 16:29:08'),
(365, 16, 1, '2018-05-22 16:29:14'),
(366, 13, 1, '2018-05-22 16:29:17'),
(367, 14, 1, '2018-05-22 16:45:20'),
(368, 16, 1, '2018-05-22 16:45:23'),
(369, 13, 1, '2018-05-22 16:46:45'),
(370, 14, 1, '2018-05-22 16:46:49'),
(371, 16, 1, '2018-05-22 16:46:51'),
(372, 0, 1, '2018-05-24 20:15:37'),
(373, 12, 1, '2018-05-24 20:15:56'),
(374, 19, 1, '2018-05-24 20:16:03'),
(375, 12, 1, '2018-05-24 20:16:18'),
(376, 19, 1, '2018-05-24 20:17:22'),
(377, 19, 1, '2018-05-24 20:19:11'),
(378, 21, 1, '2018-05-24 20:19:15'),
(379, 19, 1, '2018-05-24 20:19:21'),
(380, 19, 1, '2018-05-24 20:19:36'),
(381, 19, 1, '2018-05-24 20:19:59'),
(382, 19, 1, '2018-05-24 20:20:01'),
(383, 19, 1, '2018-05-24 20:20:09'),
(384, 19, 1, '2018-05-24 20:20:21'),
(385, 12, 1, '2018-05-24 20:21:18'),
(386, 0, 1, '2018-06-17 18:16:57'),
(387, 12, 1, '2018-06-17 18:21:32'),
(388, 13, 1, '2018-06-17 18:21:34'),
(389, 14, 1, '2018-06-17 18:23:14'),
(390, 13, 1, '2018-06-17 18:23:22'),
(391, 17, 1, '2018-06-17 18:23:30'),
(392, 17, 1, '2018-06-17 18:26:48'),
(393, 0, 1, '2018-06-18 15:12:51'),
(394, 12, 1, '2018-06-18 15:12:54'),
(395, 13, 1, '2018-06-18 15:12:58'),
(396, 17, 1, '2018-06-18 15:13:02'),
(397, 13, 1, '2018-06-18 15:13:05'),
(398, 12, 1, '2018-06-18 15:13:07'),
(399, 13, 1, '2018-06-18 15:13:40'),
(400, 14, 1, '2018-06-18 15:13:44'),
(401, 13, 1, '2018-06-18 15:13:47'),
(402, 12, 1, '2018-06-18 15:13:48'),
(403, 13, 1, '2018-06-18 15:13:51'),
(404, 17, 1, '2018-06-18 15:13:55'),
(405, 17, 1, '2018-06-18 15:14:15'),
(406, 17, 1, '2018-06-18 15:15:00'),
(407, 17, 1, '2018-06-18 15:15:46'),
(408, 17, 1, '2018-06-18 15:16:32'),
(409, 13, 1, '2018-06-18 15:19:07'),
(410, 14, 1, '2018-06-18 15:19:13'),
(411, 13, 1, '2018-06-18 15:19:16'),
(412, 17, 1, '2018-06-18 15:19:21'),
(413, 17, 1, '2018-06-18 15:24:09'),
(414, 13, 1, '2018-06-18 15:24:10'),
(415, 14, 1, '2018-06-18 15:24:24'),
(416, 13, 1, '2018-06-18 15:24:26'),
(417, 12, 1, '2018-06-18 15:24:27'),
(418, 13, 1, '2018-06-18 15:24:29'),
(419, 17, 1, '2018-06-18 15:24:36'),
(420, 17, 1, '2018-06-18 15:24:52'),
(421, 17, 1, '2018-06-18 15:26:08'),
(422, 17, 1, '2018-06-18 15:27:26'),
(423, 17, 1, '2018-06-18 15:27:55'),
(424, 17, 1, '2018-06-18 15:29:49'),
(425, 17, 1, '2018-06-18 15:31:50'),
(426, 17, 1, '2018-06-18 15:40:31'),
(427, 17, 1, '2018-06-18 15:52:07'),
(428, 17, 1, '2018-06-18 22:30:14'),
(429, 17, 1, '2018-06-18 22:32:11'),
(430, 0, 1, '2018-06-20 13:39:07'),
(431, 17, 1, '2018-06-20 13:39:07'),
(432, 12, 1, '2018-06-20 13:39:16'),
(433, 13, 1, '2018-06-20 13:39:18'),
(434, 14, 1, '2018-06-20 13:39:40'),
(435, 13, 1, '2018-06-20 13:39:42'),
(436, 12, 1, '2018-06-20 13:39:44'),
(437, 13, 1, '2018-06-20 13:39:49'),
(438, 17, 1, '2018-06-20 13:39:53'),
(439, 17, 1, '2018-06-20 13:44:35'),
(440, 17, 1, '2018-06-20 13:44:52'),
(441, 17, 1, '2018-06-20 13:51:06'),
(442, 17, 1, '2018-06-20 13:51:33'),
(443, 17, 1, '2018-06-20 13:52:58'),
(444, 17, 1, '2018-06-20 13:54:14'),
(445, 17, 1, '2018-06-20 14:12:58'),
(446, 17, 1, '2018-06-20 14:23:20'),
(447, 17, 1, '2018-06-20 14:30:15'),
(448, 17, 1, '2018-06-20 14:30:28'),
(449, 17, 1, '2018-06-20 14:31:53'),
(450, 17, 1, '2018-06-20 14:32:31'),
(451, 17, 1, '2018-06-20 14:34:34'),
(452, 17, 1, '2018-06-20 14:39:45'),
(453, 17, 1, '2018-06-20 14:40:09'),
(454, 17, 1, '2018-06-20 14:40:37'),
(455, 17, 1, '2018-06-20 14:40:46'),
(456, 17, 1, '2018-06-20 14:40:58'),
(457, 17, 1, '2018-06-20 14:41:58'),
(458, 17, 1, '2018-06-20 14:43:10'),
(459, 17, 1, '2018-06-20 14:45:40'),
(460, 17, 1, '2018-06-20 14:45:57'),
(461, 17, 1, '2018-06-20 14:47:46'),
(462, 17, 1, '2018-06-20 14:49:21'),
(463, 17, 1, '2018-06-20 14:49:39'),
(464, 17, 1, '2018-06-20 14:50:13'),
(465, 17, 1, '2018-06-20 14:52:48'),
(466, 17, 1, '2018-06-20 14:53:09'),
(467, 17, 1, '2018-06-20 14:53:52'),
(468, 17, 1, '2018-06-20 14:56:56'),
(469, 17, 1, '2018-06-20 14:58:32'),
(470, 17, 1, '2018-06-20 15:14:05'),
(471, 17, 1, '2018-06-20 15:14:42'),
(472, 17, 1, '2018-06-20 15:15:18'),
(473, 17, 1, '2018-06-20 15:15:52'),
(474, 17, 1, '2018-06-20 15:16:37'),
(475, 17, 1, '2018-06-20 15:18:02'),
(476, 17, 1, '2018-06-20 15:20:18'),
(477, 17, 1, '2018-06-20 15:21:19'),
(478, 17, 1, '2018-06-20 15:26:58'),
(479, 17, 1, '2018-06-20 15:28:29'),
(480, 17, 1, '2018-06-20 15:29:04'),
(481, 17, 1, '2018-06-20 15:29:49'),
(482, 17, 1, '2018-06-20 15:32:02'),
(483, 17, 1, '2018-06-20 15:32:26'),
(484, 17, 1, '2018-06-20 15:33:22'),
(485, 17, 1, '2018-06-20 15:33:45'),
(486, 17, 1, '2018-06-20 15:37:58'),
(487, 17, 1, '2018-06-20 15:38:42'),
(488, 17, 1, '2018-06-20 15:40:12'),
(489, 17, 1, '2018-06-20 15:41:37'),
(490, 17, 1, '2018-06-20 15:47:39'),
(491, 17, 1, '2018-06-20 15:49:23'),
(492, 17, 1, '2018-06-20 15:49:38'),
(493, 17, 1, '2018-06-20 15:50:07'),
(494, 17, 1, '2018-06-20 15:52:13'),
(495, 17, 1, '2018-06-20 15:56:20'),
(496, 17, 1, '2018-06-20 15:59:06'),
(497, 17, 1, '2018-06-20 15:59:43'),
(498, 17, 1, '2018-06-20 16:00:09'),
(499, 17, 1, '2018-06-20 16:02:04'),
(500, 17, 1, '2018-06-20 16:03:58'),
(501, 17, 1, '2018-06-20 16:04:48'),
(502, 17, 1, '2018-06-20 16:49:13'),
(503, 17, 1, '2018-06-20 16:50:27'),
(504, 17, 1, '2018-06-20 16:51:13'),
(505, 17, 1, '2018-06-20 16:51:39'),
(506, 17, 1, '2018-06-20 16:52:54'),
(507, 17, 1, '2018-06-20 17:00:08'),
(508, 17, 1, '2018-06-20 17:00:48'),
(509, 17, 1, '2018-06-20 17:01:21'),
(510, 17, 1, '2018-06-20 17:05:32'),
(511, 17, 1, '2018-06-20 17:08:00'),
(512, 17, 1, '2018-06-20 17:14:06'),
(513, 17, 1, '2018-06-20 17:43:52'),
(514, 17, 1, '2018-06-20 17:44:53'),
(515, 17, 1, '2018-06-20 17:45:48'),
(516, 17, 1, '2018-06-20 17:47:51'),
(517, 17, 1, '2018-06-20 17:48:28'),
(518, 17, 1, '2018-06-20 17:49:01'),
(519, 17, 1, '2018-06-20 17:49:25'),
(520, 17, 1, '2018-06-20 17:49:43'),
(521, 17, 1, '2018-06-20 17:50:49'),
(522, 17, 1, '2018-06-20 17:51:33'),
(523, 17, 1, '2018-06-20 18:07:21'),
(524, 17, 1, '2018-06-20 18:16:24'),
(525, 17, 1, '2018-06-20 18:16:59'),
(526, 17, 1, '2018-06-20 18:17:06'),
(527, 17, 1, '2018-06-20 18:17:29'),
(528, 17, 1, '2018-06-20 18:21:05'),
(529, 17, 1, '2018-06-20 18:26:28'),
(530, 17, 1, '2018-06-20 18:26:42'),
(531, 17, 1, '2018-06-20 18:27:02'),
(532, 17, 1, '2018-06-20 18:29:10'),
(533, 17, 1, '2018-06-20 18:31:10'),
(534, 17, 1, '2018-06-20 18:31:33'),
(535, 17, 1, '2018-06-20 18:38:18'),
(536, 17, 1, '2018-06-20 18:40:14'),
(537, 17, 1, '2018-06-20 18:42:00'),
(538, 17, 1, '2018-06-20 18:42:20'),
(539, 17, 1, '2018-06-20 18:43:24'),
(540, 17, 1, '2018-06-20 18:45:03'),
(541, 17, 1, '2018-06-20 18:46:07'),
(542, 17, 1, '2018-06-20 18:47:24'),
(543, 17, 1, '2018-06-20 18:48:32'),
(544, 17, 1, '2018-06-20 18:49:09'),
(545, 17, 1, '2018-06-20 18:52:46'),
(546, 17, 1, '2018-06-20 18:53:48'),
(547, 17, 1, '2018-06-20 18:58:01'),
(548, 17, 1, '2018-06-20 19:00:56'),
(549, 17, 1, '2018-06-20 19:06:16'),
(550, 17, 1, '2018-06-20 19:07:56'),
(551, 17, 1, '2018-06-20 19:09:00'),
(552, 17, 1, '2018-06-20 19:12:53'),
(553, 17, 1, '2018-06-20 19:14:01'),
(554, 17, 1, '2018-06-20 19:14:29'),
(555, 17, 1, '2018-06-20 19:30:24'),
(556, 13, 1, '2018-06-20 19:31:57'),
(557, 14, 1, '2018-06-20 19:32:08'),
(558, 16, 1, '2018-06-20 19:32:21'),
(559, 17, 1, '2018-06-20 19:32:47'),
(560, 16, 1, '2018-06-20 19:41:58'),
(561, 13, 1, '2018-06-20 19:42:04'),
(562, 14, 1, '2018-06-20 19:42:10'),
(563, 16, 1, '2018-06-20 19:42:19'),
(564, 17, 1, '2018-06-20 19:42:28'),
(565, 0, 1, '2018-06-21 15:42:31'),
(566, 17, 1, '2018-06-21 15:42:32'),
(567, 12, 1, '2018-06-21 15:42:38'),
(568, 13, 1, '2018-06-21 15:42:40'),
(569, 14, 1, '2018-06-21 15:42:50'),
(570, 12, 1, '2018-06-21 15:45:12'),
(571, 13, 1, '2018-06-21 15:45:14'),
(572, 14, 1, '2018-06-21 15:46:11'),
(573, 12, 1, '2018-06-21 15:56:02'),
(574, 13, 1, '2018-06-21 15:56:03'),
(575, 13, 1, '2018-06-21 15:56:32'),
(576, 13, 1, '2018-06-21 15:56:52'),
(577, 14, 1, '2018-06-21 15:57:00'),
(578, 12, 1, '2018-06-21 15:57:30'),
(579, 13, 1, '2018-06-21 15:57:33'),
(580, 14, 1, '2018-06-21 15:57:36'),
(581, 12, 1, '2018-06-21 16:24:12'),
(582, 19, 1, '2018-06-21 16:24:15'),
(583, 19, 1, '2018-06-21 16:24:22'),
(584, 19, 1, '2018-06-21 16:24:24'),
(585, 19, 1, '2018-06-21 16:24:33'),
(586, 19, 1, '2018-06-21 16:24:41'),
(587, 12, 1, '2018-06-21 16:26:34'),
(588, 19, 1, '2018-06-21 16:26:36'),
(589, 19, 1, '2018-06-21 16:27:07'),
(590, 12, 1, '2018-06-21 17:23:03'),
(591, 13, 1, '2018-06-21 17:23:04'),
(592, 14, 1, '2018-06-21 17:23:12'),
(593, 12, 1, '2018-06-21 17:23:45'),
(594, 13, 1, '2018-06-21 17:23:46'),
(595, 14, 1, '2018-06-21 17:23:51'),
(596, 17, 1, '2018-06-21 17:24:13'),
(597, 0, 1, '2018-06-21 21:12:16'),
(598, 17, 1, '2018-06-21 21:12:16'),
(599, 17, 1, '2018-06-21 21:30:23'),
(600, 18, 1, '2018-06-21 21:37:12'),
(601, 18, 1, '2018-06-21 23:03:47'),
(602, 18, 1, '2018-06-21 23:06:10'),
(603, 18, 1, '2018-06-21 23:06:42'),
(604, 18, 1, '2018-06-21 23:07:46'),
(605, 18, 1, '2018-06-21 23:08:33'),
(606, 18, 1, '2018-06-21 23:09:21'),
(607, 12, 1, '2018-06-21 23:09:44'),
(608, 13, 1, '2018-06-21 23:09:48'),
(609, 14, 1, '2018-06-21 23:10:03'),
(610, 18, 1, '2018-06-21 23:10:20'),
(611, 13, 1, '2018-06-21 23:11:06'),
(612, 14, 1, '2018-06-21 23:11:07'),
(613, 13, 1, '2018-06-21 23:11:09'),
(614, 14, 1, '2018-06-21 23:11:35'),
(615, 18, 1, '2018-06-21 23:11:43'),
(616, 12, 1, '2018-06-21 23:17:38'),
(617, 13, 1, '2018-06-21 23:17:41'),
(618, 14, 1, '2018-06-21 23:17:46'),
(619, 16, 1, '2018-06-21 23:17:52'),
(620, 13, 1, '2018-06-21 23:18:42'),
(621, 14, 1, '2018-06-21 23:18:48'),
(622, 0, 1, '2018-06-25 21:45:00'),
(623, 12, 1, '2018-06-25 21:45:01'),
(624, 12, 1, '2018-06-25 21:45:28'),
(625, 13, 1, '2018-06-25 21:45:30'),
(626, 14, 1, '2018-06-25 21:45:40'),
(627, 17, 1, '2018-06-25 21:45:47'),
(628, 16, 1, '2018-06-25 21:45:55'),
(629, 16, 1, '2018-06-25 21:46:50'),
(630, 16, 1, '2018-06-25 21:50:16'),
(631, 13, 1, '2018-06-25 23:57:34'),
(632, 0, 1, '2018-07-08 05:23:46'),
(633, 12, 1, '2018-07-08 05:23:52'),
(634, 13, 1, '2018-07-08 05:23:54'),
(635, 14, 1, '2018-07-08 05:24:11'),
(636, 17, 1, '2018-07-08 05:24:18'),
(637, 13, 1, '2018-07-08 05:24:56'),
(638, 14, 1, '2018-07-08 05:25:02'),
(639, 17, 1, '2018-07-08 05:25:08'),
(640, 18, 1, '2018-07-08 05:25:18'),
(641, 12, 1, '2018-07-08 18:02:08'),
(642, 13, 1, '2018-07-08 18:02:11'),
(643, 14, 1, '2018-07-08 18:02:12'),
(644, 13, 1, '2018-07-08 18:02:14'),
(645, 14, 1, '2018-07-08 18:02:21'),
(646, 13, 1, '2018-07-08 18:02:43'),
(647, 14, 1, '2018-07-08 18:02:49'),
(648, 18, 1, '2018-07-08 18:02:58'),
(649, 18, 1, '2018-07-08 18:04:13'),
(650, 18, 1, '2018-07-08 18:04:15'),
(651, 18, 1, '2018-07-08 18:04:51'),
(652, 13, 1, '2018-07-08 18:17:00'),
(653, 14, 1, '2018-07-08 18:17:05'),
(654, 18, 1, '2018-07-08 18:17:08'),
(655, 13, 1, '2018-07-08 18:25:52'),
(656, 14, 1, '2018-07-08 18:25:56'),
(657, 18, 1, '2018-07-08 18:25:59'),
(658, 18, 1, '2018-07-08 18:26:46'),
(659, 18, 1, '2018-07-08 18:37:55'),
(660, 18, 1, '2018-07-08 18:38:30'),
(661, 18, 1, '2018-07-08 18:39:01'),
(662, 18, 1, '2018-07-08 18:41:10'),
(663, 18, 1, '2018-07-08 18:42:05'),
(664, 18, 1, '2018-07-08 18:44:11'),
(665, 18, 1, '2018-07-08 18:45:40'),
(666, 18, 1, '2018-07-08 18:47:46'),
(667, 18, 1, '2018-07-08 18:48:19'),
(668, 18, 1, '2018-07-08 18:49:32'),
(669, 13, 1, '2018-07-08 18:50:51'),
(670, 14, 1, '2018-07-08 18:50:58'),
(671, 18, 1, '2018-07-08 18:51:01'),
(672, 13, 1, '2018-07-08 18:52:11'),
(673, 14, 1, '2018-07-08 18:52:18'),
(674, 18, 1, '2018-07-08 18:52:20'),
(675, 13, 1, '2018-07-08 19:23:27'),
(676, 14, 1, '2018-07-08 19:23:41'),
(677, 18, 1, '2018-07-08 19:23:45'),
(678, 0, 1, '2018-07-09 15:38:25'),
(679, 12, 1, '2018-07-09 15:38:32'),
(680, 13, 1, '2018-07-09 15:38:36'),
(681, 14, 1, '2018-07-09 15:38:53'),
(682, 17, 1, '2018-07-09 15:39:01'),
(683, 13, 1, '2018-07-09 15:48:56'),
(684, 14, 1, '2018-07-09 15:49:03'),
(685, 17, 1, '2018-07-09 15:49:08');

-- --------------------------------------------------------

--
-- Estructura de tabla para la tabla `modulos`
--

CREATE TABLE `modulos` (
  `id` varchar(20) NOT NULL,
  `nombre` varchar(20) NOT NULL,
  `estado` int(11) NOT NULL,
  `fecha_creacion` bigint(20) NOT NULL,
  `version` varchar(20) NOT NULL,
  `desarrollador` varchar(50) NOT NULL
) ENGINE=InnoDB DEFAULT CHARSET=latin1;

--
-- Volcado de datos para la tabla `modulos`
--

INSERT INTO `modulos` (`id`, `nombre`, `estado`, `fecha_creacion`, `version`, `desarrollador`) VALUES
('admin', 'admin', 1, 1459344759, '1', 'nojuancho@hotmail.com'),
('maestros', 'maestros', 1, 1464791267, '1', 'nojuancho@hotmail.com'),
('plugins', 'plugins', 1, 1459344760, '1', 'nojuancho@hotmail.com'),
('usuarios', 'usuarios', 1, 1459344761, '1', 'nojuancho@hotmail.com');

-- --------------------------------------------------------

--
-- Estructura de tabla para la tabla `perfil`
--

CREATE TABLE `perfil` (
  `id` int(11) NOT NULL,
  `nombre` varchar(20) NOT NULL,
  `descripcion` varchar(200) NOT NULL,
  `fecha_creacion` bigint(20) NOT NULL
) ENGINE=InnoDB DEFAULT CHARSET=latin1;

--
-- Volcado de datos para la tabla `perfil`
--

INSERT INTO `perfil` (`id`, `nombre`, `descripcion`, `fecha_creacion`) VALUES
(1, 'ADMINISTRADOR', 'Administrador del sistema', 1459345066);

-- --------------------------------------------------------

--
-- Estructura de tabla para la tabla `perfil_contenido`
--

CREATE TABLE `perfil_contenido` (
  `id` int(11) NOT NULL,
  `modulo` varchar(20) NOT NULL,
  `controlador` varchar(20) NOT NULL,
  `accion` varchar(20) NOT NULL,
  `estado` int(11) NOT NULL,
  `perfil` int(11) NOT NULL,
  `fecha_creacion` bigint(20) NOT NULL
) ENGINE=InnoDB DEFAULT CHARSET=latin1;

--
-- Volcado de datos para la tabla `perfil_contenido`
--

INSERT INTO `perfil_contenido` (`id`, `modulo`, `controlador`, `accion`, `estado`, `perfil`, `fecha_creacion`) VALUES
(724, 'admin', 'admin', 'admin', 1, 1, 1527005698),
(725, 'maestros', 'maestros', 'maestros', 1, 1, 1527005698),
(726, 'plugins', 'plugins', 'plugins', 1, 1, 1527005698),
(727, 'plugins', 'plugins', 'index', 1, 1, 1527005698),
(728, 'plugins', 'plugins', 'registrarplugin', 1, 1, 1527005698),
(729, 'plugins', 'plugins', 'unregistrarplugin', 1, 1, 1527005698),
(741, 'usuarios', 'usuarios', 'usuarios', 1, 1, 1527005698),
(742, 'usuarios', 'usuarios', 'index', 1, 1, 1527005698),
(743, 'usuarios', 'usuarios', 'view', 1, 1, 1527005698),
(744, 'usuarios', 'usuarios', 'create', 1, 1, 1527005698),
(745, 'usuarios', 'usuarios', 'borrar', 1, 1, 1527005698),
(746, 'usuarios', 'usuarios', 'perfil', 1, 1, 1527005698),
(747, 'usuarios', 'usuarios', 'verperfil', 1, 1, 1527005698),
(748, 'usuarios', 'usuarios', 'borrarperfil', 1, 1, 1527005699),
(749, 'usuarios', 'usuarios', 'grupo', 1, 1, 1527005699);

-- --------------------------------------------------------

--
-- Estructura de tabla para la tabla `sofint_users`
--

CREATE TABLE `sofint_users` (
  `id` int(11) NOT NULL,
  `nick` varchar(10) NOT NULL,
  `password` varchar(50) NOT NULL,
  `nombre` varchar(20) NOT NULL,
  `apellido` varchar(20) NOT NULL,
  `telefono` int(11) NOT NULL,
  `movil` bigint(11) NOT NULL,
  `email` varchar(40) NOT NULL,
  `foto` varchar(50) NOT NULL,
  `direccion` text NOT NULL,
  `perfil` int(11) NOT NULL,
  `estado` int(11) NOT NULL,
  `fecha_creacion` int(11) NOT NULL,
  `dat1` int(11) NOT NULL,
  `dat2` varchar(50) NOT NULL,
  `dat3` varchar(100) NOT NULL,
  `dat4` varchar(50) NOT NULL,
  `dat5` text NOT NULL
) ENGINE=InnoDB DEFAULT CHARSET=latin1;

--
-- Volcado de datos para la tabla `sofint_users`
--

INSERT INTO `sofint_users` (`id`, `nick`, `password`, `nombre`, `apellido`, `telefono`, `movil`, `email`, `foto`, `direccion`, `perfil`, `estado`, `fecha_creacion`, `dat1`, `dat2`, `dat3`, `dat4`, `dat5`) VALUES
(1, 'admin', '827ccb0eea8a706c4c34a16891f84e7b', 'Edgar Mauricio', 'Ceron Florez', 0, 0, 'edgar.ceron@correounivalle.edu.co', '', '', 1, -1, 1390152537, 1, '1', '+573176483290', '', '');

--
-- Índices para tablas volcadas
--

--
-- Indices de la tabla `acciones`
--
ALTER TABLE `acciones`
  ADD PRIMARY KEY (`id`);

--
-- Indices de la tabla `logs`
--
ALTER TABLE `logs`
  ADD PRIMARY KEY (`ID`);

--
-- Indices de la tabla `modulos`
--
ALTER TABLE `modulos`
  ADD PRIMARY KEY (`id`);

--
-- Indices de la tabla `perfil`
--
ALTER TABLE `perfil`
  ADD PRIMARY KEY (`id`);

--
-- Indices de la tabla `perfil_contenido`
--
ALTER TABLE `perfil_contenido`
  ADD PRIMARY KEY (`id`);

--
-- Indices de la tabla `sofint_users`
--
ALTER TABLE `sofint_users`
  ADD PRIMARY KEY (`id`);

--
-- AUTO_INCREMENT de las tablas volcadas
--

--
-- AUTO_INCREMENT de la tabla `acciones`
--
ALTER TABLE `acciones`
  MODIFY `id` int(11) NOT NULL AUTO_INCREMENT, AUTO_INCREMENT=22;

--
-- AUTO_INCREMENT de la tabla `logs`
--
ALTER TABLE `logs`
  MODIFY `ID` int(11) NOT NULL AUTO_INCREMENT, AUTO_INCREMENT=686;

--
-- AUTO_INCREMENT de la tabla `perfil`
--
ALTER TABLE `perfil`
  MODIFY `id` int(11) NOT NULL AUTO_INCREMENT, AUTO_INCREMENT=2;

--
-- AUTO_INCREMENT de la tabla `perfil_contenido`
--
ALTER TABLE `perfil_contenido`
  MODIFY `id` int(11) NOT NULL AUTO_INCREMENT, AUTO_INCREMENT=750;

--
-- AUTO_INCREMENT de la tabla `sofint_users`
--
ALTER TABLE `sofint_users`
  MODIFY `id` int(11) NOT NULL AUTO_INCREMENT, AUTO_INCREMENT=2;
COMMIT;

/*!40101 SET CHARACTER_SET_CLIENT=@OLD_CHARACTER_SET_CLIENT */;
/*!40101 SET CHARACTER_SET_RESULTS=@OLD_CHARACTER_SET_RESULTS */;
/*!40101 SET COLLATION_CONNECTION=@OLD_COLLATION_CONNECTION */;
